run_id,seq,timer_id,owner_module,owner_module_id,owner_generation,source,handler,pc,lr,sp,r9,cpsr,guest_depth,forced,ok,uc_err,end_reason,ret,draw_count,refresh_count,fb_sha256,class
p3_validate_20260723_015539_39363,1,1,robotol.ext,3,3,1,0x30630D,0x30630D,0x80000,0x0,0x2B1854,0x0,2,0,1,0,stop_at_base,0,0,0,,CALLBACK_RETURN_SENTINEL_OK
p3_validate_20260723_015539_39363,2,2,robotol.ext,3,3,1,0x30630D,0x30630D,0x80000,0x0,0x2B1854,0x0,2,0,1,0,stop_at_base,0,0,0,,CALLBACK_RETURN_SENTINEL_OK
p3_validate_20260723_015539_39363,3,3,robotol.ext,3,3,1,0x30630D,0x30630D,0x80000,0x0,0x2B1854,0x0,2,0,1,0,stop_at_base,0,0,0,,CALLBACK_RETURN_SENTINEL_OK
p3_validate_20260723_015539_39363,4,4,robotol.ext,3,3,1,0x30630D,0x30630D,0x80000,0x0,0x2B1854,0x0,2,0,1,0,stop_at_base,0,0,0,,CALLBACK_RETURN_SENTINEL_OK
p3_validate_20260723_015539_39363,5,5,robotol.ext,3,3,1,0x30630D,0x30630D,0x80000,0x0,0x2B1854,0x0,2,0,1,0,stop_at_base,0,0,0,,CALLBACK_RETURN_SENTINEL_OK
p3_validate_20260723_015539_39363,6,6,robotol.ext,3,3,1,0x30630D,0x30630D,0x80000,0x0,0x2B1854,0x0,2,0,1,0,stop_at_base,0,0,0,,CALLBACK_RETURN_SENTINEL_OK
p3_validate_20260723_015539_39363,7,7,robotol.ext,3,3,1,0x30630D,0x30630D,0x80000,0x0,0x2B1854,0x0,2,0,1,0,stop_at_base,0,0,0,,CALLBACK_RETURN_SENTINEL_OK
p3_validate_20260723_015539_39363,8,8,robotol.ext,3,3,1,0x30630D,0x30630D,0x80000,0x0,0x2B1854,0x0,2,0,1,0,stop_at_base,0,0,0,,CALLBACK_RETURN_SENTINEL_OK
p3_validate_20260723_015539_39363,9,9,robotol.ext,3,3,1,0x30630D,0x30630D,0x80000,0x0,0x2B1854,0x0,2,0,1,0,stop_at_base,0,0,0,,CALLBACK_RETURN_SENTINEL_OK
p3_validate_20260723_015539_39363,10,10,robotol.ext,3,3,1,0x30630D,0x30630D,0x80000,0x0,0x2B1854,0x0,2,0,1,0,stop_at_base,0,0,0,,CALLBACK_RETURN_SENTINEL_OK
p3_validate_20260723_015539_39363,11,11,robotol.ext,3,3,1,0x30630D,0x30630D,0x80000,0x0,0x2B1854,0x0,2,0,1,0,stop_at_base,0,0,0,,CALLBACK_RETURN_SENTINEL_OK
p3_validate_20260723_015539_39363,12,12,robotol.ext,3,3,1,0x30630D,0x30630D,0x80000,0x0,0x2B1854,0x0,2,0,1,0,stop_at_base,0,0,0,,CALLBACK_RETURN_SENTINEL_OK
p3_validate_20260723_015539_39363,13,13,robotol.ext,3,3,1,0x30630D,0x30630D,0x80000,0x0,0x2B1854,0x0,2,0,1,0,stop_at_base,0,0,0,,CALLBACK_RETURN_SENTINEL_OK
p3_validate_20260723_015539_39363,14,14,robotol.ext,3,3,1,0x30630D,0x30630D,0x80000,0x0,0x2B1854,0x0,2,0,1,0,stop_at_base,0,0,0,,CALLBACK_RETURN_SENTINEL_OK
p3_validate_20260723_015539_39363,15,15,robotol.ext,3,3,1,0x30630D,0x30630D,0x80000,0x0,0x2B1854,0x0,2,0,1,0,stop_at_base,0,0,0,,CALLBACK_RETURN_SENTINEL_OK
p3_validate_20260723_015539_39363,16,16,robotol.ext,3,3,1,0x30630D,0x30630D,0x80000,0x0,0x2B1854,0x0,2,0,1,0,stop_at_base,0,0,0,,CALLBACK_RETURN_SENTINEL_OK
p4_progress_map_20260723_022018_93276,1,1,robotol.ext,3,3,1,0x30630D,0x30630D,0x80000,0x0,0x2B1854,0x0,2,0,1,0,stop_at_base,0,0,0,,CALLBACK_RETURN_SENTINEL_OK
p4_progress_map_20260723_022018_93276,2,2,robotol.ext,3,3,1,0x30630D,0x30630D,0x80000,0x0,0x2B1854,0x0,2,0,1,0,stop_at_base,0,0,0,,CALLBACK_RETURN_SENTINEL_OK
p4_progress_map_20260723_022018_93276,3,3,robotol.ext,3,3,1,0x30630D,0x30630D,0x80000,0x0,0x2B1854,0x0,2,0,1,0,stop_at_base,0,0,0,,CALLBACK_RETURN_SENTINEL_OK
p4_progress_map_20260723_022018_93276,4,4,robotol.ext,3,3,1,0x30630D,0x30630D,0x80000,0x0,0x2B1854,0x0,2,0,1,0,stop_at_base,0,0,0,,CALLBACK_RETURN_SENTINEL_OK
p4_progress_map_20260723_022018_93276,5,5,robotol.ext,3,3,1,0x30630D,0x30630D,0x80000,0x0,0x2B1854,0x0,2,0,1,0,stop_at_base,0,0,0,,CALLBACK_RETURN_SENTINEL_OK
p4_progress_map_20260723_022018_93276,6,6,robotol.ext,3,3,1,0x30630D,0x30630D,0x80000,0x0,0x2B1854,0x0,2,0,1,0,stop_at_base,0,0,0,,CALLBACK_RETURN_SENTINEL_OK
p4_progress_map_20260723_022018_93276,7,7,robotol.ext,3,3,1,0x30630D,0x30630D,0x80000,0x0,0x2B1854,0x0,2,0,1,0,stop_at_base,0,0,0,,CALLBACK_RETURN_SENTINEL_OK
p4_progress_map_20260723_022018_93276,8,8,robotol.ext,3,3,1,0x30630D,0x30630D,0x80000,0x0,0x2B1854,0x0,2,0,1,0,stop_at_base,0,0,0,,CALLBACK_RETURN_SENTINEL_OK
p4_progress_map_20260723_022018_93276,9,9,robotol.ext,3,3,1,0x30630D,0x30630D,0x80000,0x0,0x2B1854,0x0,2,0,1,0,stop_at_base,0,0,0,,CALLBACK_RETURN_SENTINEL_OK
p4_progress_map_20260723_022018_93276,10,10,robotol.ext,3,3,1,0x30630D,0x30630D,0x80000,0x0,0x2B1854,0x0,2,0,1,0,stop_at_base,0,0,0,,CALLBACK_RETURN_SENTINEL_OK
p4_progress_map_20260723_022412_1489,1,1,robotol.ext,3,3,1,0x30630D,0x30630D,0x80000,0x0,0x2B1854,0x0,2,0,1,0,stop_at_base,0,0,0,,CALLBACK_RETURN_SENTINEL_OK
p4_progress_map_20260723_022412_1489,2,2,robotol.ext,3,3,1,0x30630D,0x30630D,0x80000,0x0,0x2B1854,0x0,2,0,1,0,stop_at_base,0,0,0,,CALLBACK_RETURN_SENTINEL_OK
p4_progress_map_20260723_022412_1489,3,3,robotol.ext,3,3,1,0x30630D,0x30630D,0x80000,0x0,0x2B1854,0x0,2,0,1,0,stop_at_base,0,0,0,,CALLBACK_RETURN_SENTINEL_OK
p4_progress_map_20260723_022412_1489,4,4,robotol.ext,3,3,1,0x30630D,0x30630D,0x80000,0x0,0x2B1854,0x0,2,0,1,0,stop_at_base,0,0,0,,CALLBACK_RETURN_SENTINEL_OK
p4_progress_map_20260723_022412_1489,5,5,robotol.ext,3,3,1,0x30630D,0x30630D,0x80000,0x0,0x2B1854,0x0,2,0,1,0,stop_at_base,0,0,0,,CALLBACK_RETURN_SENTINEL_OK
p4_progress_map_20260723_022412_1489,6,6,robotol.ext,3,3,1,0x30630D,0x30630D,0x80000,0x0,0x2B1854,0x0,2,0,1,0,stop_at_base,0,0,0,,CALLBACK_RETURN_SENTINEL_OK
p4_progress_map_20260723_022412_1489,7,7,robotol.ext,3,3,1,0x30630D,0x30630D,0x80000,0x0,0x2B1854,0x0,2,0,1,0,stop_at_base,0,0,0,,CALLBACK_RETURN_SENTINEL_OK
p4_progress_map_20260723_022412_1489,8,8,robotol.ext,3,3,1,0x30630D,0x30630D,0x80000,0x0,0x2B1854,0x0,2,0,1,0,stop_at_base,0,0,0,,CALLBACK_RETURN_SENTINEL_OK
p4_progress_map_20260723_022412_1489,9,9,robotol.ext,3,3,1,0x30630D,0x30630D,0x80000,0x0,0x2B1854,0x0,2,0,1,0,stop_at_base,0,0,0,,CALLBACK_RETURN_SENTINEL_OK
p4_progress_map_20260723_022412_1489,10,10,robotol.ext,3,3,1,0x30630D,0x30630D,0x80000,0x0,0x2B1854,0x0,2,0,1,0,stop_at_base,0,0,0,,CALLBACK_RETURN_SENTINEL_OK
p4_progress_map_20260723_022412_1489,11,11,robotol.ext,3,3,1,0x30630D,0x30630D,0x80000,0x0,0x2B1854,0x0,2,0,1,0,stop_at_base,0,0,0,,CALLBACK_RETURN_SENTINEL_OK
p4_progress_map_20260723_022412_1489,12,12,robotol.ext,3,3,1,0x30630D,0x30630D,0x80000,0x0,0x2B1854,0x0,2,0,1,0,stop_at_base,0,0,0,,CALLBACK_RETURN_SENTINEL_OK
p4_progress_map_20260723_022412_1489,13,13,robotol.ext,3,3,1,0x30630D,0x30630D,0x80000,0x0,0x2B1854,0x0,2,0,1,0,stop_at_base,0,0,0,,CALLBACK_RETURN_SENTINEL_OK
p4_progress_map_20260723_022412_1489,14,14,robotol.ext,3,3,1,0x30630D,0x30630D,0x80000,0x0,0x2B1854,0x0,2,0,1,0,stop_at_base,0,0,0,,CALLBACK_RETURN_SENTINEL_OK
p4_progress_map_20260723_022412_1489,15,15,robotol.ext,3,3,1,0x30630D,0x30630D,0x80000,0x0,0x2B1854,0x0,2,0,1,0,stop_at_base,0,0,0,,CALLBACK_RETURN_SENTINEL_OK
p4_progress_map_20260723_022412_1489,16,16,robotol.ext,3,3,1,0x30630D,0x30630D,0x80000,0x0,0x2B1854,0x0,2,0,1,0,stop_at_base,0,0,0,,CALLBACK_RETURN_SENTINEL_OK
p4_progress_map_20260723_022412_1489,17,17,robotol.ext,3,3,1,0x30630D,0x30630D,0x80000,0x0,0x2B1854,0x0,2,0,1,0,stop_at_base,0,0,0,,CALLBACK_RETURN_SENTINEL_OK
p4_progress_map_20260723_022412_1489,18,18,robotol.ext,3,3,1,0x30630D,0x30630D,0x80000,0x0,0x2B1854,0x0,2,0,1,0,stop_at_base,0,0,0,,CALLBACK_RETURN_SENTINEL_OK
p4_progress_map_20260723_022412_1489,19,19,robotol.ext,3,3,1,0x30630D,0x30630D,0x80000,0x0,0x2B1854,0x0,2,0,1,0,stop_at_base,0,0,0,,CALLBACK_RETURN_SENTINEL_OK
p4_validate_20260723_022813_22133,1,1,robotol.ext,3,3,1,0x30630D,0x30630D,0x80000,0x0,0x2B1854,0x0,2,0,1,0,stop_at_base,0,0,0,,CALLBACK_RETURN_SENTINEL_OK
p4_validate_20260723_022813_22133,2,2,robotol.ext,3,3,1,0x30630D,0x30630D,0x80000,0x0,0x2B1854,0x0,2,0,1,0,stop_at_base,0,0,0,,CALLBACK_RETURN_SENTINEL_OK
p4_validate_20260723_022813_22133,3,3,robotol.ext,3,3,1,0x30630D,0x30630D,0x80000,0x0,0x2B1854,0x0,2,0,1,0,stop_at_base,0,0,0,,CALLBACK_RETURN_SENTINEL_OK
p4_validate_20260723_022813_22133,4,4,robotol.ext,3,3,1,0x30630D,0x30630D,0x80000,0x0,0x2B1854,0x0,2,0,1,0,stop_at_base,0,0,0,,CALLBACK_RETURN_SENTINEL_OK
p4_validate_20260723_022813_22133,5,5,robotol.ext,3,3,1,0x30630D,0x30630D,0x80000,0x0,0x2B1854,0x0,2,0,1,0,stop_at_base,0,0,0,,CALLBACK_RETURN_SENTINEL_OK
p4_validate_20260723_022813_22133,6,6,robotol.ext,3,3,1,0x30630D,0x30630D,0x80000,0x0,0x2B1854,0x0,2,0,1,0,stop_at_base,0,0,0,,CALLBACK_RETURN_SENTINEL_OK
p4_validate_20260723_022813_22133,7,7,robotol.ext,3,3,1,0x30630D,0x30630D,0x80000,0x0,0x2B1854,0x0,2,0,1,0,stop_at_base,0,0,0,,CALLBACK_RETURN_SENTINEL_OK
p4_validate_20260723_022813_22133,8,8,robotol.ext,3,3,1,0x30630D,0x30630D,0x80000,0x0,0x2B1854,0x0,2,0,1,0,stop_at_base,0,0,0,,CALLBACK_RETURN_SENTINEL_OK
p4_validate_20260723_022813_22133,9,9,robotol.ext,3,3,1,0x30630D,0x30630D,0x80000,0x0,0x2B1854,0x0,2,0,1,0,stop_at_base,0,0,0,,CALLBACK_RETURN_SENTINEL_OK
p4_validate_20260723_022813_22133,10,10,robotol.ext,3,3,1,0x30630D,0x30630D,0x80000,0x0,0x2B1854,0x0,2,0,1,0,stop_at_base,0,0,0,,CALLBACK_RETURN_SENTINEL_OK
p4_validate_20260723_022813_22133,11,11,robotol.ext,3,3,1,0x30630D,0x30630D,0x80000,0x0,0x2B1854,0x0,2,0,1,0,stop_at_base,0,0,0,,CALLBACK_RETURN_SENTINEL_OK
p4_validate_20260723_022813_22133,12,12,robotol.ext,3,3,1,0x30630D,0x30630D,0x80000,0x0,0x2B1854,0x0,2,0,1,0,stop_at_base,0,0,0,,CALLBACK_RETURN_SENTINEL_OK
p4_validate_20260723_022813_22133,13,13,robotol.ext,3,3,1,0x30630D,0x30630D,0x80000,0x0,0x2B1854,0x0,2,0,1,0,stop_at_base,0,0,0,,CALLBACK_RETURN_SENTINEL_OK
p4_validate_20260723_022813_22133,14,14,robotol.ext,3,3,1,0x30630D,0x30630D,0x80000,0x0,0x2B1854,0x0,2,0,1,0,stop_at_base,0,0,0,,CALLBACK_RETURN_SENTINEL_OK
p4_validate_20260723_022813_22133,15,15,robotol.ext,3,3,1,0x30630D,0x30630D,0x80000,0x0,0x2B1854,0x0,2,0,1,0,stop_at_base,0,0,0,,CALLBACK_RETURN_SENTINEL_OK
p4_validate_20260723_022813_22133,16,16,robotol.ext,3,3,1,0x30630D,0x30630D,0x80000,0x0,0x2B1854,0x0,2,0,1,0,stop_at_base,0,0,0,,CALLBACK_RETURN_SENTINEL_OK
p4_validate_20260723_022813_22133,17,17,robotol.ext,3,3,1,0x30630D,0x30630D,0x80000,0x0,0x2B1854,0x0,2,0,1,0,stop_at_base,0,0,0,,CALLBACK_RETURN_SENTINEL_OK
p4_validate_20260723_022942_12599,1,1,robotol.ext,3,3,1,0x30630D,0x30630D,0x80000,0x0,0x2B1854,0x0,2,0,1,0,stop_at_base,0,0,0,,CALLBACK_RETURN_SENTINEL_OK
p4_validate_20260723_022942_12599,2,2,robotol.ext,3,3,1,0x30630D,0x30630D,0x80000,0x0,0x2B1854,0x0,0,0,1,0,stop_at_base,0,0,0,,CALLBACK_RETURN_SENTINEL_OK
p4_validate_20260723_022942_12599,3,3,robotol.ext,3,3,1,0x30630D,0x30630D,0x80000,0x0,0x2B1854,0x0,0,0,1,0,stop_at_base,0,0,0,,CALLBACK_RETURN_SENTINEL_OK
p4_validate_20260723_022942_12599,4,4,robotol.ext,3,3,1,0x30630D,0x30630D,0x80000,0x0,0x2B1854,0x0,0,0,1,0,stop_at_base,0,0,0,,CALLBACK_RETURN_SENTINEL_OK
p4_validate_20260723_022942_12599,5,5,robotol.ext,3,3,1,0x30630D,0x30630D,0x80000,0x0,0x2B1854,0x0,0,0,1,0,stop_at_base,0,0,0,,CALLBACK_RETURN_SENTINEL_OK
p4_validate_20260723_023127_72008,1,1,robotol.ext,3,3,1,0x30630D,0x30630D,0x80000,0x0,0x2B1854,0x0,2,0,1,0,stop_at_base,0,0,0,,CALLBACK_RETURN_SENTINEL_OK
p4_validate_20260723_023127_72008,2,2,robotol.ext,3,3,1,0x30630D,0x30630D,0x80000,0x0,0x2B1854,0x0,2,0,1,0,stop_at_base,0,0,0,,CALLBACK_RETURN_SENTINEL_OK
p4_validate_20260723_023127_72008,3,3,robotol.ext,3,3,1,0x30630D,0x30630D,0x80000,0x0,0x2B1854,0x0,2,0,1,0,stop_at_base,0,0,0,,CALLBACK_RETURN_SENTINEL_OK
p4_validate_20260723_023127_72008,4,4,robotol.ext,3,3,1,0x30630D,0x30630D,0x80000,0x0,0x2B1854,0x0,2,0,1,0,stop_at_base,0,0,0,,CALLBACK_RETURN_SENTINEL_OK
p4_validate_20260723_023127_72008,5,5,robotol.ext,3,3,1,0x30630D,0x30630D,0x80000,0x0,0x2B1854,0x0,2,0,1,0,stop_at_base,0,0,0,,CALLBACK_RETURN_SENTINEL_OK
p4_validate_20260723_023127_72008,6,6,robotol.ext,3,3,1,0x30630D,0x30630D,0x80000,0x0,0x2B1854,0x0,2,0,1,0,stop_at_base,0,0,0,,CALLBACK_RETURN_SENTINEL_OK
p4_validate_20260723_023127_72008,7,7,robotol.ext,3,3,1,0x30630D,0x30630D,0x80000,0x0,0x2B1854,0x0,2,0,1,0,stop_at_base,0,0,0,,CALLBACK_RETURN_SENTINEL_OK
p4_validate_20260723_023127_72008,8,8,robotol.ext,3,3,1,0x30630D,0x30630D,0x80000,0x0,0x2B1854,0x0,2,0,1,0,stop_at_base,0,0,0,,CALLBACK_RETURN_SENTINEL_OK
p4_validate_20260723_023127_72008,9,9,robotol.ext,3,3,1,0x30630D,0x30630D,0x80000,0x0,0x2B1854,0x0,2,0,1,0,stop_at_base,0,0,0,,CALLBACK_RETURN_SENTINEL_OK
p4_validate_20260723_023127_72008,10,10,robotol.ext,3,3,1,0x30630D,0x30630D,0x80000,0x0,0x2B1854,0x0,2,0,1,0,stop_at_base,0,0,0,,CALLBACK_RETURN_SENTINEL_OK
p4_validate_20260723_023127_72008,11,11,robotol.ext,3,3,1,0x30630D,0x30630D,0x80000,0x0,0x2B1854,0x0,2,0,1,0,stop_at_base,0,0,0,,CALLBACK_RETURN_SENTINEL_OK
p4_validate_20260723_023320_78643,1,1,robotol.ext,3,3,1,0x30630D,0x30630D,0x80000,0x0,0x2B1854,0x0,2,0,1,0,stop_at_base,0,0,0,,CALLBACK_RETURN_SENTINEL_OK
p4_validate_20260723_023320_78643,2,2,robotol.ext,3,3,1,0x30630D,0x30630D,0x80000,0x0,0x2B1854,0x0,2,0,1,0,stop_at_base,0,0,0,,CALLBACK_RETURN_SENTINEL_OK
p4_validate_20260723_023320_78643,3,3,robotol.ext,3,3,1,0x30630D,0x30630D,0x80000,0x0,0x2B1854,0x0,2,0,1,0,stop_at_base,0,0,0,,CALLBACK_RETURN_SENTINEL_OK
p4_validate_20260723_023320_78643,4,4,robotol.ext,3,3,1,0x30630D,0x30630D,0x80000,0x0,0x2B1854,0x0,2,0,1,0,stop_at_base,0,0,0,,CALLBACK_RETURN_SENTINEL_OK
p4_validate_20260723_023320_78643,5,5,robotol.ext,3,3,1,0x30630D,0x30630D,0x80000,0x0,0x2B1854,0x0,2,0,1,0,stop_at_base,0,0,0,,CALLBACK_RETURN_SENTINEL_OK
p4_validate_20260723_023320_78643,6,6,robotol.ext,3,3,1,0x30630D,0x30630D,0x80000,0x0,0x2B1854,0x0,2,0,1,0,stop_at_base,0,0,0,,CALLBACK_RETURN_SENTINEL_OK
p4_validate_20260723_023320_78643,7,7,robotol.ext,3,3,1,0x30630D,0x30630D,0x80000,0x0,0x2B1854,0x0,2,0,1,0,stop_at_base,0,0,0,,CALLBACK_RETURN_SENTINEL_OK
p4_validate_20260723_023320_78643,8,8,robotol.ext,3,3,1,0x30630D,0x30630D,0x80000,0x0,0x2B1854,0x0,2,0,1,0,stop_at_base,0,0,0,,CALLBACK_RETURN_SENTINEL_OK
p4_validate_20260723_023320_78643,9,9,robotol.ext,3,3,1,0x30630D,0x30630D,0x80000,0x0,0x2B1854,0x0,2,0,1,0,stop_at_base,0,0,0,,CALLBACK_RETURN_SENTINEL_OK
p4_validate_20260723_023320_78643,10,10,robotol.ext,3,3,1,0x30630D,0x30630D,0x80000,0x0,0x2B1854,0x0,2,0,1,0,stop_at_base,0,0,0,,CALLBACK_RETURN_SENTINEL_OK
p4_validate_20260723_023320_78643,11,11,robotol.ext,3,3,1,0x30630D,0x30630D,0x80000,0x0,0x2B1854,0x0,2,0,1,0,stop_at_base,0,0,0,,CALLBACK_RETURN_SENTINEL_OK
p4_validate_20260723_023320_78643,12,12,robotol.ext,3,3,1,0x30630D,0x30630D,0x80000,0x0,0x2B1854,0x0,2,0,1,0,stop_at_base,0,0,0,,CALLBACK_RETURN_SENTINEL_OK
p4_validate_20260723_023320_78643,13,13,robotol.ext,3,3,1,0x30630D,0x30630D,0x80000,0x0,0x2B1854,0x0,2,0,1,0,stop_at_base,0,0,0,,CALLBACK_RETURN_SENTINEL_OK
p4_validate_20260723_023320_78643,14,14,robotol.ext,3,3,1,0x30630D,0x30630D,0x80000,0x0,0x2B1854,0x0,2,0,1,0,stop_at_base,0,0,0,,CALLBACK_RETURN_SENTINEL_OK
p4_validate_20260723_023558_96760,1,1,robotol.ext,3,3,1,0x30630D,0x30630D,0x80000,0x0,0x2B1854,0x0,2,0,1,0,stop_at_base,0,0,0,,CALLBACK_RETURN_SENTINEL_OK
p4_validate_20260723_023558_96760,2,2,robotol.ext,3,3,1,0x30630D,0x30630D,0x80000,0x0,0x2B1854,0x0,2,0,1,0,stop_at_base,0,0,0,,CALLBACK_RETURN_SENTINEL_OK
p4_validate_20260723_023558_96760,3,3,robotol.ext,3,3,1,0x30630D,0x30630D,0x80000,0x0,0x2B1854,0x0,2,0,1,0,stop_at_base,0,0,0,,CALLBACK_RETURN_SENTINEL_OK
p4_validate_20260723_023558_96760,4,4,robotol.ext,3,3,1,0x30630D,0x30630D,0x80000,0x0,0x2B1854,0x0,2,0,1,0,stop_at_base,0,0,0,,CALLBACK_RETURN_SENTINEL_OK
p4_validate_20260723_023558_96760,5,5,robotol.ext,3,3,1,0x30630D,0x30630D,0x80000,0x0,0x2B1854,0x0,2,0,1,0,stop_at_base,0,0,0,,CALLBACK_RETURN_SENTINEL_OK
p4_validate_20260723_023558_96760,6,6,robotol.ext,3,3,1,0x30630D,0x30630D,0x80000,0x0,0x2B1854,0x0,2,0,1,0,stop_at_base,0,0,0,,CALLBACK_RETURN_SENTINEL_OK
p4_validate_20260723_023558_96760,7,7,robotol.ext,3,3,1,0x30630D,0x30630D,0x80000,0x0,0x2B1854,0x0,2,0,1,0,stop_at_base,0,0,0,,CALLBACK_RETURN_SENTINEL_OK
p4_validate_20260723_023558_96760,8,8,robotol.ext,3,3,1,0x30630D,0x30630D,0x80000,0x0,0x2B1854,0x0,2,0,1,0,stop_at_base,0,0,0,,CALLBACK_RETURN_SENTINEL_OK
p4_validate_20260723_023558_96760,9,9,robotol.ext,3,3,1,0x30630D,0x30630D,0x80000,0x0,0x2B1854,0x0,2,0,1,0,stop_at_base,0,0,0,,CALLBACK_RETURN_SENTINEL_OK
p4_validate_20260723_023558_96760,10,10,robotol.ext,3,3,1,0x30630D,0x30630D,0x80000,0x0,0x2B1854,0x0,2,0,1,0,stop_at_base,0,0,0,,CALLBACK_RETURN_SENTINEL_OK
p4_validate_20260723_023558_96760,11,11,robotol.ext,3,3,1,0x30630D,0x30630D,0x80000,0x0,0x2B1854,0x0,2,0,1,0,stop_at_base,0,0,0,,CALLBACK_RETURN_SENTINEL_OK
p4_validate_20260723_023558_96760,12,12,robotol.ext,3,3,1,0x30630D,0x30630D,0x80000,0x0,0x2B1854,0x0,2,0,1,0,stop_at_base,0,0,0,,CALLBACK_RETURN_SENTINEL_OK
p5_transaction_20260723_033052_37039,1,1,robotol.ext,3,3,1,0x30630D,0x30630D,0x80000,0x0,0x2B1854,0x0,2,0,1,0,stop_at_base,0,0,0,,CALLBACK_RETURN_SENTINEL_OK
p5_transaction_20260723_033052_37039,2,2,robotol.ext,3,3,1,0x30630D,0x30630D,0x80000,0x0,0x2B1854,0x0,2,0,1,0,stop_at_base,0,0,0,,CALLBACK_RETURN_SENTINEL_OK
p5_transaction_20260723_033052_37039,3,3,robotol.ext,3,3,1,0x30630D,0x30630D,0x80000,0x0,0x2B1854,0x0,2,0,1,0,stop_at_base,0,0,0,,CALLBACK_RETURN_SENTINEL_OK
p5_transaction_20260723_033052_37039,4,4,robotol.ext,3,3,1,0x30630D,0x30630D,0x80000,0x0,0x2B1854,0x0,2,0,1,0,stop_at_base,0,0,0,,CALLBACK_RETURN_SENTINEL_OK
p5_transaction_20260723_033052_37039,5,5,robotol.ext,3,3,1,0x30630D,0x30630D,0x80000,0x0,0x2B1854,0x0,2,0,1,0,stop_at_base,0,0,0,,CALLBACK_RETURN_SENTINEL_OK
p5_validate_20260723_033710_58895,1,1,robotol.ext,3,3,1,0x30630D,0x30630D,0x80000,0x0,0x2B1854,0x0,2,0,1,0,stop_at_base,0,0,0,,CALLBACK_RETURN_SENTINEL_OK
p5_validate_20260723_033710_58895,2,2,robotol.ext,3,3,1,0x30630D,0x30630D,0x80000,0x0,0x2B1854,0x0,2,0,1,0,stop_at_base,0,0,0,,CALLBACK_RETURN_SENTINEL_OK
p5_validate_20260723_033710_58895,3,3,robotol.ext,3,3,1,0x30630D,0x30630D,0x80000,0x0,0x2B1854,0x0,2,0,1,0,stop_at_base,0,0,0,,CALLBACK_RETURN_SENTINEL_OK
p5_validate_20260723_033710_58895,4,4,robotol.ext,3,3,1,0x30630D,0x30630D,0x80000,0x0,0x2B1854,0x0,2,0,1,0,stop_at_base,0,0,0,,CALLBACK_RETURN_SENTINEL_OK
p5_validate_20260723_033710_58895,5,5,robotol.ext,3,3,1,0x30630D,0x30630D,0x80000,0x0,0x2B1854,0x0,2,0,1,0,stop_at_base,0,0,0,,CALLBACK_RETURN_SENTINEL_OK
p5_validate_20260723_033710_58895,6,6,robotol.ext,3,3,1,0x30630D,0x30630D,0x80000,0x0,0x2B1854,0x0,2,0,1,0,stop_at_base,0,0,0,,CALLBACK_RETURN_SENTINEL_OK
p5_validate_20260723_033710_58895,7,7,robotol.ext,3,3,1,0x30630D,0x30630D,0x80000,0x0,0x2B1854,0x0,2,0,1,0,stop_at_base,0,0,0,,CALLBACK_RETURN_SENTINEL_OK
p5_validate_20260723_033710_58895,8,8,robotol.ext,3,3,1,0x30630D,0x30630D,0x80000,0x0,0x2B1854,0x0,2,0,1,0,stop_at_base,0,0,0,,CALLBACK_RETURN_SENTINEL_OK
p5_validate_20260723_033710_58895,9,9,robotol.ext,3,3,1,0x30630D,0x30630D,0x80000,0x0,0x2B1854,0x0,2,0,1,0,stop_at_base,0,0,0,,CALLBACK_RETURN_SENTINEL_OK
p5_validate_20260723_033710_58895,10,10,robotol.ext,3,3,1,0x30630D,0x30630D,0x80000,0x0,0x2B1854,0x0,2,0,1,0,stop_at_base,0,0,0,,CALLBACK_RETURN_SENTINEL_OK
p5_validate_20260723_033710_58895,11,11,robotol.ext,3,3,1,0x30630D,0x30630D,0x80000,0x0,0x2B1854,0x0,2,0,1,0,stop_at_base,0,0,0,,CALLBACK_RETURN_SENTINEL_OK
p5_validate_20260723_033710_58895,12,12,robotol.ext,3,3,1,0x30630D,0x30630D,0x80000,0x0,0x2B1854,0x0,2,0,1,0,stop_at_base,0,0,0,,CALLBACK_RETURN_SENTINEL_OK
p5_validate_20260723_033710_58895,13,13,robotol.ext,3,3,1,0x30630D,0x30630D,0x80000,0x0,0x2B1854,0x0,2,0,1,0,stop_at_base,0,0,0,,CALLBACK_RETURN_SENTINEL_OK
p5_validate_20260723_033710_58895,14,14,robotol.ext,3,3,1,0x30630D,0x30630D,0x80000,0x0,0x2B1854,0x0,2,0,1,0,stop_at_base,0,0,0,,CALLBACK_RETURN_SENTINEL_OK
p5_validate_20260723_033710_58895,15,15,robotol.ext,3,3,1,0x30630D,0x30630D,0x80000,0x0,0x2B1854,0x0,2,0,1,0,stop_at_base,0,0,0,,CALLBACK_RETURN_SENTINEL_OK
p5_validate_20260723_033710_58895,16,16,robotol.ext,3,3,1,0x30630D,0x30630D,0x80000,0x0,0x2B1854,0x0,2,0,1,0,stop_at_base,0,0,0,,CALLBACK_RETURN_SENTINEL_OK
p5_validate_20260723_033710_58895,17,17,robotol.ext,3,3,1,0x30630D,0x30630D,0x80000,0x0,0x2B1854,0x0,2,0,1,0,stop_at_base,0,0,0,,CALLBACK_RETURN_SENTINEL_OK
p5_validate_20260723_033710_58895,18,18,robotol.ext,3,3,1,0x30630D,0x30630D,0x80000,0x0,0x2B1854,0x0,2,0,1,0,stop_at_base,0,0,0,,CALLBACK_RETURN_SENTINEL_OK
p5_validate_20260723_033710_58895,19,19,robotol.ext,3,3,1,0x30630D,0x30630D,0x80000,0x0,0x2B1854,0x0,2,0,1,0,stop_at_base,0,0,0,,CALLBACK_RETURN_SENTINEL_OK
p5_validate_20260723_033710_58895,20,20,robotol.ext,3,3,1,0x30630D,0x30630D,0x80000,0x0,0x2B1854,0x0,2,0,1,0,stop_at_base,0,0,0,,CALLBACK_RETURN_SENTINEL_OK
p5_validate_20260723_033710_58895,21,21,robotol.ext,3,3,1,0x30630D,0x30630D,0x80000,0x0,0x2B1854,0x0,2,0,1,0,stop_at_base,0,0,0,,CALLBACK_RETURN_SENTINEL_OK
p5_validate_20260723_033710_58895,22,22,robotol.ext,3,3,1,0x30630D,0x30630D,0x80000,0x0,0x2B1854,0x0,2,0,1,0,stop_at_base,0,0,0,,CALLBACK_RETURN_SENTINEL_OK
p5_validate_20260723_033710_58895,23,23,robotol.ext,3,3,1,0x30630D,0x30630D,0x80000,0x0,0x2B1854,0x0,2,0,1,0,stop_at_base,0,0,0,,CALLBACK_RETURN_SENTINEL_OK
p5_validate_20260723_033710_58895,24,24,robotol.ext,3,3,1,0x30630D,0x30630D,0x80000,0x0,0x2B1854,0x0,2,0,1,0,stop_at_base,0,0,0,,CALLBACK_RETURN_SENTINEL_OK
p5_validate_20260723_033710_58895,25,25,robotol.ext,3,3,1,0x30630D,0x30630D,0x80000,0x0,0x2B1854,0x0,2,0,1,0,stop_at_base,0,0,0,,CALLBACK_RETURN_SENTINEL_OK
p5_validate_20260723_033710_58895,26,26,robotol.ext,3,3,1,0x30630D,0x30630D,0x80000,0x0,0x2B1854,0x0,2,0,1,0,stop_at_base,0,0,0,,CALLBACK_RETURN_SENTINEL_OK
p5_validate_20260723_033710_58895,27,27,robotol.ext,3,3,1,0x30630D,0x30630D,0x80000,0x0,0x2B1854,0x0,2,0,1,0,stop_at_base,0,0,0,,CALLBACK_RETURN_SENTINEL_OK
p5_validate_20260723_033710_58895,28,28,robotol.ext,3,3,1,0x30630D,0x30630D,0x80000,0x0,0x2B1854,0x0,2,0,1,0,stop_at_base,0,0,0,,CALLBACK_RETURN_SENTINEL_OK
p5_validate_20260723_033710_58895,29,29,robotol.ext,3,3,1,0x30630D,0x30630D,0x80000,0x0,0x2B1854,0x0,2,0,1,0,stop_at_base,0,0,0,,CALLBACK_RETURN_SENTINEL_OK
p5_validate_20260723_033710_58895,30,30,robotol.ext,3,3,1,0x30630D,0x30630D,0x80000,0x0,0x2B1854,0x0,2,0,1,0,stop_at_base,0,0,0,,CALLBACK_RETURN_SENTINEL_OK
p5_validate_20260723_033710_58895,31,31,robotol.ext,3,3,1,0x30630D,0x30630D,0x80000,0x0,0x2B1854,0x0,2,0,1,0,stop_at_base,0,0,0,,CALLBACK_RETURN_SENTINEL_OK
p5_validate_20260723_033710_58895,32,32,robotol.ext,3,3,1,0x30630D,0x30630D,0x80000,0x0,0x2B1854,0x0,2,0,1,0,stop_at_base,0,0,0,,CALLBACK_RETURN_SENTINEL_OK
p5_validate_20260723_033710_58895,33,33,robotol.ext,3,3,1,0x30630D,0x30630D,0x80000,0x0,0x2B1854,0x0,2,0,1,0,stop_at_base,0,0,0,,CALLBACK_RETURN_SENTINEL_OK
ffp_event_20260724_010009_88618,1,1,robotol.ext,3,3,1,0x30630D,0x30630D,0x80000,0x0,0x2B1854,0x0,2,0,1,0,stop_at_base,0,0,0,,CALLBACK_RETURN_SENTINEL_OK
ffp_event_20260724_010009_88618,2,2,robotol.ext,3,3,1,0x30630D,0x30630D,0x80000,0x0,0x2B1854,0x0,2,0,1,0,stop_at_base,0,0,0,,CALLBACK_RETURN_SENTINEL_OK
ffp_event_20260724_010420_70488,1,1,robotol.ext,3,3,1,0x30630D,0x30630D,0x80000,0x0,0x2B1854,0x0,2,0,1,0,stop_at_base,0,0,0,,CALLBACK_RETURN_SENTINEL_OK
ffp_event_20260724_010420_70488,2,2,robotol.ext,3,3,1,0x30630D,0x30630D,0x80000,0x0,0x2B1854,0x0,2,0,1,0,stop_at_base,0,0,0,,CALLBACK_RETURN_SENTINEL_OK
ffp_event_20260724_010420_70488,3,3,robotol.ext,3,3,1,0x30630D,0x30630D,0x80000,0x0,0x2B1854,0x0,2,0,1,0,stop_at_base,0,0,0,,CALLBACK_RETURN_SENTINEL_OK
ffp_event_20260724_010420_70488,4,4,robotol.ext,3,3,1,0x30630D,0x30630D,0x80000,0x0,0x2B1854,0x0,2,0,1,0,stop_at_base,0,0,0,,CALLBACK_RETURN_SENTINEL_OK
ffp_event_20260724_010631_8498,1,1,robotol.ext,3,3,1,0x30630D,0x30630D,0x80000,0x0,0x2B1854,0x0,2,0,1,0,stop_at_base,0,0,0,,CALLBACK_RETURN_SENTINEL_OK
ffp_event_20260724_010631_8498,2,2,robotol.ext,3,3,1,0x30630D,0x30630D,0x80000,0x0,0x2B1854,0x0,2,0,1,0,stop_at_base,0,0,0,,CALLBACK_RETURN_SENTINEL_OK
ffp_event_20260724_010631_8498,3,3,robotol.ext,3,3,1,0x30630D,0x30630D,0x80000,0x0,0x2B1854,0x0,2,0,1,0,stop_at_base,0,0,0,,CALLBACK_RETURN_SENTINEL_OK
ffp_event_20260724_010631_8498,4,4,robotol.ext,3,3,1,0x30630D,0x30630D,0x80000,0x0,0x2B1854,0x0,2,0,1,0,stop_at_base,0,0,0,,CALLBACK_RETURN_SENTINEL_OK
ffp_event_20260724_010631_8498,5,5,robotol.ext,3,3,1,0x30630D,0x30630D,0x80000,0x0,0x2B1854,0x0,2,0,1,0,stop_at_base,0,0,0,,CALLBACK_RETURN_SENTINEL_OK
ffp_event_20260724_010631_8498,6,6,robotol.ext,3,3,1,0x30630D,0x30630D,0x80000,0x0,0x2B1854,0x0,2,0,1,0,stop_at_base,0,0,0,,CALLBACK_RETURN_SENTINEL_OK
ffp_event_20260724_010631_8498,7,7,robotol.ext,3,3,1,0x30630D,0x30630D,0x80000,0x0,0x2B1854,0x0,2,0,1,0,stop_at_base,0,0,0,,CALLBACK_RETURN_SENTINEL_OK
ffp_event_20260724_010631_8498,8,8,robotol.ext,3,3,1,0x30630D,0x30630D,0x80000,0x0,0x2B1854,0x0,2,0,1,0,stop_at_base,0,0,0,,CALLBACK_RETURN_SENTINEL_OK
ffp_event_20260724_010631_8498,9,9,robotol.ext,3,3,1,0x30630D,0x30630D,0x80000,0x0,0x2B1854,0x0,2,0,1,0,stop_at_base,0,0,0,,CALLBACK_RETURN_SENTINEL_OK
ffp_event_20260724_010631_8498,10,10,robotol.ext,3,3,1,0x30630D,0x30630D,0x80000,0x0,0x2B1854,0x0,2,0,1,0,stop_at_base,0,0,0,,CALLBACK_RETURN_SENTINEL_OK
ffp_event_20260724_010631_8498,11,11,robotol.ext,3,3,1,0x30630D,0x30630D,0x80000,0x0,0x2B1854,0x0,2,0,1,0,stop_at_base,0,0,0,,CALLBACK_RETURN_SENTINEL_OK
ffp_event_20260724_010820_81327,1,1,robotol.ext,3,3,1,0x30630D,0x30630D,0x80000,0x0,0x2B1854,0x0,2,0,1,0,stop_at_base,0,0,0,,CALLBACK_RETURN_SENTINEL_OK
ffp_event_20260724_010820_81327,2,2,robotol.ext,3,3,1,0x30630D,0x30630D,0x80000,0x0,0x2B1854,0x0,2,0,1,0,stop_at_base,0,0,0,,CALLBACK_RETURN_SENTINEL_OK
ffp_event_20260724_010820_81327,3,3,robotol.ext,3,3,1,0x30630D,0x30630D,0x80000,0x0,0x2B1854,0x0,2,0,1,0,stop_at_base,0,0,0,,CALLBACK_RETURN_SENTINEL_OK
ffp_event_20260724_010820_81327,4,4,robotol.ext,3,3,1,0x30630D,0x30630D,0x80000,0x0,0x2B1854,0x0,2,0,1,0,stop_at_base,0,0,0,,CALLBACK_RETURN_SENTINEL_OK
ffp_event_20260724_010820_81327,5,5,robotol.ext,3,3,1,0x30630D,0x30630D,0x80000,0x0,0x2B1854,0x0,2,0,1,0,stop_at_base,0,0,0,,CALLBACK_RETURN_SENTINEL_OK
ffp_event_20260724_010820_81327,6,6,robotol.ext,3,3,1,0x30630D,0x30630D,0x80000,0x0,0x2B1854,0x0,2,0,1,0,stop_at_base,0,0,0,,CALLBACK_RETURN_SENTINEL_OK
ffp_event_20260724_010820_81327,7,7,robotol.ext,3,3,1,0x30630D,0x30630D,0x80000,0x0,0x2B1854,0x0,2,0,1,0,stop_at_base,0,0,0,,CALLBACK_RETURN_SENTINEL_OK
ffp_event_20260724_010820_81327,8,8,robotol.ext,3,3,1,0x30630D,0x30630D,0x80000,0x0,0x2B1854,0x0,2,0,1,0,stop_at_base,0,0,0,,CALLBACK_RETURN_SENTINEL_OK
