run_id,anchor_seq,pred_pc,is_cmp,is_tst,op0,op1,taken,origin,unchanged_stable,rank_score,source_class
ffp_event_20260724_155025_4016,1,0x2FEBA8,1,0,0x4,0x4,-1,GUEST_INTERNAL_STATE,1,25,GUEST_INTERNAL_STATE
ffp_event_20260724_155025_4016,1,0x2FEBA8,1,0,0x2,0x4,-1,GUEST_INTERNAL_STATE,0,5,GUEST_INTERNAL_STATE
ffp_event_20260724_155025_4016,1,0x2FEBB0,1,0,0x4,0x13,-1,GUEST_INTERNAL_STATE,1,25,GUEST_INTERNAL_STATE
ffp_event_20260724_155025_4016,1,0x2FEBA8,1,0,0x4,0x4,-1,GUEST_INTERNAL_STATE,1,25,GUEST_INTERNAL_STATE
ffp_event_20260724_155025_4016,1,0x2FEBA8,1,0,0x2,0x4,-1,GUEST_INTERNAL_STATE,0,5,GUEST_INTERNAL_STATE
ffp_event_20260724_155025_4016,1,0x2FEBB0,1,0,0x8,0x13,-1,GUEST_INTERNAL_STATE,0,5,GUEST_INTERNAL_STATE
ffp_event_20260724_155025_4016,1,0x2FEBA8,1,0,0x4,0x4,-1,GUEST_INTERNAL_STATE,1,25,GUEST_INTERNAL_STATE
ffp_event_20260724_155025_4016,1,0x2FEBA8,1,0,0x2,0x4,-1,GUEST_INTERNAL_STATE,0,5,GUEST_INTERNAL_STATE
ffp_event_20260724_155025_4016,1,0x2FEBB0,1,0,0xC,0x13,-1,GUEST_INTERNAL_STATE,0,5,GUEST_INTERNAL_STATE
ffp_event_20260724_155025_4016,1,0x2FEBA8,1,0,0x4,0x4,-1,GUEST_INTERNAL_STATE,1,25,GUEST_INTERNAL_STATE
ffp_event_20260724_155025_4016,1,0x2FEBA8,1,0,0x2,0x4,-1,GUEST_INTERNAL_STATE,0,5,GUEST_INTERNAL_STATE
ffp_event_20260724_155025_4016,1,0x2FEBB0,1,0,0x10,0x13,-1,GUEST_INTERNAL_STATE,0,5,GUEST_INTERNAL_STATE
ffp_event_20260724_155025_4016,1,0x2FEBA8,1,0,0x4,0x4,-1,GUEST_INTERNAL_STATE,1,25,GUEST_INTERNAL_STATE
ffp_event_20260724_155025_4016,1,0x2FEBA8,1,0,0x2,0x4,-1,GUEST_INTERNAL_STATE,0,5,GUEST_INTERNAL_STATE
ffp_event_20260724_155025_4016,1,0x30635A,1,0,0x0,0x5,-1,GUEST_INTERNAL_STATE,1,25,GUEST_INTERNAL_STATE
ffp_event_20260724_155025_4016,1,0x30674E,1,0,0x0,0x0,-1,GUEST_INTERNAL_STATE,1,25,GUEST_INTERNAL_STATE
ffp_event_20260724_155025_4016,1,0x306758,1,0,0x0,0x0,-1,GUEST_INTERNAL_STATE,1,25,GUEST_INTERNAL_STATE
ffp_event_20260724_155025_4016,3,0x2FEBA8,1,0,0x4,0x4,-1,GUEST_INTERNAL_STATE,1,25,GUEST_INTERNAL_STATE
ffp_event_20260724_155025_4016,3,0x2FEBA8,1,0,0x2,0x4,-1,GUEST_INTERNAL_STATE,0,5,GUEST_INTERNAL_STATE
ffp_event_20260724_155025_4016,3,0x2FEBB0,1,0,0x4,0x13,-1,GUEST_INTERNAL_STATE,1,25,GUEST_INTERNAL_STATE
ffp_event_20260724_155025_4016,3,0x2FEBA8,1,0,0x4,0x4,-1,GUEST_INTERNAL_STATE,1,25,GUEST_INTERNAL_STATE
ffp_event_20260724_155025_4016,3,0x2FEBA8,1,0,0x2,0x4,-1,GUEST_INTERNAL_STATE,0,5,GUEST_INTERNAL_STATE
ffp_event_20260724_155025_4016,3,0x2FEBB0,1,0,0x8,0x13,-1,GUEST_INTERNAL_STATE,0,5,GUEST_INTERNAL_STATE
ffp_event_20260724_155025_4016,3,0x2FEBA8,1,0,0x4,0x4,-1,GUEST_INTERNAL_STATE,1,25,GUEST_INTERNAL_STATE
ffp_event_20260724_155025_4016,3,0x2FEBA8,1,0,0x2,0x4,-1,GUEST_INTERNAL_STATE,0,5,GUEST_INTERNAL_STATE
ffp_event_20260724_155025_4016,3,0x2FEBB0,1,0,0xC,0x13,-1,GUEST_INTERNAL_STATE,0,5,GUEST_INTERNAL_STATE
ffp_event_20260724_155025_4016,3,0x2FEBA8,1,0,0x4,0x4,-1,GUEST_INTERNAL_STATE,1,25,GUEST_INTERNAL_STATE
ffp_event_20260724_155025_4016,3,0x2FEBA8,1,0,0x2,0x4,-1,GUEST_INTERNAL_STATE,0,5,GUEST_INTERNAL_STATE
ffp_event_20260724_155025_4016,3,0x2FEBB0,1,0,0x10,0x13,-1,GUEST_INTERNAL_STATE,0,5,GUEST_INTERNAL_STATE
ffp_event_20260724_155025_4016,3,0x2FEBA8,1,0,0x4,0x4,-1,GUEST_INTERNAL_STATE,1,25,GUEST_INTERNAL_STATE
ffp_event_20260724_155025_4016,3,0x2FEBA8,1,0,0x2,0x4,-1,GUEST_INTERNAL_STATE,0,5,GUEST_INTERNAL_STATE
ffp_event_20260724_155025_4016,3,0x30635A,1,0,0x0,0x5,-1,GUEST_INTERNAL_STATE,1,25,GUEST_INTERNAL_STATE
ffp_event_20260724_155025_4016,3,0x30674E,1,0,0x0,0x0,-1,GUEST_INTERNAL_STATE,1,25,GUEST_INTERNAL_STATE
ffp_event_20260724_155025_4016,3,0x306758,1,0,0x0,0x0,-1,GUEST_INTERNAL_STATE,1,25,GUEST_INTERNAL_STATE
