p2_20260723_013118_52070,PLATFORM_TIMER,0x30630D,0,0
p2_20260723_013118_52070,PLATFORM_TIMER,0x30630D,0,0
p2_20260723_013118_52070,PLATFORM_TIMER,0x30630D,0,0
p2_20260723_013118_52070,PLATFORM_TIMER,0x30630D,0,0
p2_20260723_013118_52070,PLATFORM_TIMER,0x30630D,0,0
p2_20260723_013118_52070,PLATFORM_TIMER,0x30630D,0,0
p2_20260723_013118_52070,PLATFORM_TIMER,0x30630D,0,0
p2_20260723_013118_52070,PLATFORM_TIMER,0x30630D,0,0
p2_20260723_013118_52070,PLATFORM_TIMER,0x30630D,0,0
p2_20260723_013118_52070,PLATFORM_TIMER,0x30630D,0,0
p2_20260723_013118_52070,PLATFORM_TIMER,0x30630D,0,0
p2_20260723_013118_52070,PLATFORM_TIMER,0x30630D,0,0
p2_20260723_013118_52070,PLATFORM_TIMER,0x30630D,0,0
p2_20260723_013118_52070,PLATFORM_TIMER,0x30630D,0,0
p2_20260723_013118_52070,PLATFORM_TIMER,0x30630D,0,0
p2_20260723_013118_52070,PLATFORM_TIMER,0x30630D,0,0
p3_fault_provenance_20260723_015305_27455,PLATFORM_TIMER,0x30630D,0,0
p3_fault_provenance_20260723_015305_27455,PLATFORM_TIMER,0x30630D,0,0
p3_fault_provenance_20260723_015305_27455,PLATFORM_TIMER,0x30630D,0,0
p3_fault_provenance_20260723_015305_27455,PLATFORM_TIMER,0x30630D,0,0
p3_fault_provenance_20260723_015305_27455,PLATFORM_TIMER,0x30630D,0,0
p3_fault_provenance_20260723_015305_27455,PLATFORM_TIMER,0x30630D,0,0
p3_fault_provenance_20260723_015305_27455,PLATFORM_TIMER,0x30630D,0,0
p3_fault_provenance_20260723_015305_27455,PLATFORM_TIMER,0x30630D,0,0
p3_fault_provenance_20260723_015305_27455,PLATFORM_TIMER,0x30630D,0,0
p3_fault_provenance_20260723_015305_27455,PLATFORM_TIMER,0x30630D,0,0
p3_fault_provenance_20260723_015305_27455,PLATFORM_TIMER,0x30630D,0,0
p3_fault_provenance_20260723_015305_27455,PLATFORM_TIMER,0x30630D,0,0
p3_fault_provenance_20260723_015305_27455,PLATFORM_TIMER,0x30630D,0,0
p3_fault_provenance_20260723_015305_27455,PLATFORM_TIMER,0x30630D,0,0
p3_fault_provenance_20260723_015305_27455,PLATFORM_TIMER,0x30630D,0,0
p3_fault_provenance_20260723_015305_27455,PLATFORM_TIMER,0x30630D,0,0
p3_validate_20260723_015358_26433,PLATFORM_TIMER,0x30630D,0,0
p3_validate_20260723_015358_26433,PLATFORM_TIMER,0x30630D,0,0
p3_validate_20260723_015358_26433,PLATFORM_TIMER,0x30630D,0,0
p3_validate_20260723_015358_26433,PLATFORM_TIMER,0x30630D,0,0
p3_validate_20260723_015358_26433,PLATFORM_TIMER,0x30630D,0,0
p3_validate_20260723_015358_26433,PLATFORM_TIMER,0x30630D,0,0
p3_validate_20260723_015358_26433,PLATFORM_TIMER,0x30630D,0,0
p3_validate_20260723_015358_26433,PLATFORM_TIMER,0x30630D,0,0
p3_validate_20260723_015358_26433,PLATFORM_TIMER,0x30630D,0,0
p3_validate_20260723_015358_26433,PLATFORM_TIMER,0x30630D,0,0
p3_validate_20260723_015358_26433,PLATFORM_TIMER,0x30630D,0,0
p3_validate_20260723_015358_26433,PLATFORM_TIMER,0x30630D,0,0
p3_validate_20260723_015358_26433,PLATFORM_TIMER,0x30630D,0,0
p3_validate_20260723_015358_26433,PLATFORM_TIMER,0x30630D,0,0
p3_validate_20260723_015358_26433,PLATFORM_TIMER,0x30630D,0,0
p3_validate_20260723_015358_26433,PLATFORM_TIMER,0x30630D,0,0
p3_validate_20260723_015539_39363,PLATFORM_TIMER,0x30630D,0,0
p3_validate_20260723_015539_39363,PLATFORM_TIMER,0x30630D,0,0
p3_validate_20260723_015539_39363,PLATFORM_TIMER,0x30630D,0,0
p3_validate_20260723_015539_39363,PLATFORM_TIMER,0x30630D,0,0
p3_validate_20260723_015539_39363,PLATFORM_TIMER,0x30630D,0,0
p3_validate_20260723_015539_39363,PLATFORM_TIMER,0x30630D,0,0
p3_validate_20260723_015539_39363,PLATFORM_TIMER,0x30630D,0,0
p3_validate_20260723_015539_39363,PLATFORM_TIMER,0x30630D,0,0
p3_validate_20260723_015539_39363,PLATFORM_TIMER,0x30630D,0,0
p3_validate_20260723_015539_39363,PLATFORM_TIMER,0x30630D,0,0
p3_validate_20260723_015539_39363,PLATFORM_TIMER,0x30630D,0,0
p3_validate_20260723_015539_39363,PLATFORM_TIMER,0x30630D,0,0
p3_validate_20260723_015539_39363,PLATFORM_TIMER,0x30630D,0,0
p3_validate_20260723_015539_39363,PLATFORM_TIMER,0x30630D,0,0
p3_validate_20260723_015539_39363,PLATFORM_TIMER,0x30630D,0,0
p4_progress_map_20260723_022018_93276,PLATFORM_TIMER,0x30630D,0,0
p4_progress_map_20260723_022018_93276,PLATFORM_TIMER,0x30630D,0,0
p4_progress_map_20260723_022018_93276,PLATFORM_TIMER,0x30630D,0,0
p4_progress_map_20260723_022018_93276,PLATFORM_TIMER,0x30630D,0,0
p4_progress_map_20260723_022018_93276,PLATFORM_TIMER,0x30630D,0,0
p4_progress_map_20260723_022018_93276,PLATFORM_TIMER,0x30630D,0,0
p4_progress_map_20260723_022018_93276,PLATFORM_TIMER,0x30630D,0,0
p4_progress_map_20260723_022018_93276,PLATFORM_TIMER,0x30630D,0,0
p4_progress_map_20260723_022018_93276,PLATFORM_TIMER,0x30630D,0,0
p4_progress_map_20260723_022412_1489,PLATFORM_TIMER,0x30630D,0,0
p4_progress_map_20260723_022412_1489,PLATFORM_TIMER,0x30630D,0,0
p4_progress_map_20260723_022412_1489,PLATFORM_TIMER,0x30630D,0,0
p4_progress_map_20260723_022412_1489,PLATFORM_TIMER,0x30630D,0,0
p4_progress_map_20260723_022412_1489,PLATFORM_TIMER,0x30630D,0,0
p4_progress_map_20260723_022412_1489,PLATFORM_TIMER,0x30630D,0,0
p4_progress_map_20260723_022412_1489,PLATFORM_TIMER,0x30630D,0,0
p4_progress_map_20260723_022412_1489,PLATFORM_TIMER,0x30630D,0,0
p4_progress_map_20260723_022412_1489,PLATFORM_TIMER,0x30630D,0,0
p4_progress_map_20260723_022412_1489,PLATFORM_TIMER,0x30630D,0,0
p4_progress_map_20260723_022412_1489,PLATFORM_TIMER,0x30630D,0,0
p4_progress_map_20260723_022412_1489,PLATFORM_TIMER,0x30630D,0,0
p4_progress_map_20260723_022412_1489,PLATFORM_TIMER,0x30630D,0,0
p4_progress_map_20260723_022412_1489,PLATFORM_TIMER,0x30630D,0,0
p4_progress_map_20260723_022412_1489,PLATFORM_TIMER,0x30630D,0,0
p4_progress_map_20260723_022412_1489,PLATFORM_TIMER,0x30630D,0,0
p4_progress_map_20260723_022412_1489,PLATFORM_TIMER,0x30630D,0,0
p4_progress_map_20260723_022412_1489,PLATFORM_TIMER,0x30630D,0,0
p4_validate_20260723_022813_22133,PLATFORM_EVENT,0x30D2F9,0,0
p4_validate_20260723_022813_22133,PLATFORM_TIMER,0x30630D,0,0
p4_validate_20260723_022813_22133,PLATFORM_TIMER,0x30630D,0,0
p4_validate_20260723_022813_22133,PLATFORM_TIMER,0x30630D,0,0
p4_validate_20260723_022813_22133,PLATFORM_TIMER,0x30630D,0,0
p4_validate_20260723_022813_22133,PLATFORM_TIMER,0x30630D,0,0
p4_validate_20260723_022813_22133,PLATFORM_TIMER,0x30630D,0,0
p4_validate_20260723_022813_22133,PLATFORM_TIMER,0x30630D,0,0
p4_validate_20260723_022813_22133,PLATFORM_TIMER,0x30630D,0,0
p4_validate_20260723_022813_22133,PLATFORM_TIMER,0x30630D,0,0
p4_validate_20260723_022813_22133,PLATFORM_TIMER,0x30630D,0,0
p4_validate_20260723_022813_22133,PLATFORM_TIMER,0x30630D,0,0
p4_validate_20260723_022813_22133,PLATFORM_TIMER,0x30630D,0,0
p4_validate_20260723_022813_22133,PLATFORM_TIMER,0x30630D,0,0
p4_validate_20260723_022813_22133,PLATFORM_TIMER,0x30630D,0,0
p4_validate_20260723_022813_22133,PLATFORM_TIMER,0x30630D,0,0
p4_validate_20260723_022942_12599,PLATFORM_EVENT,0x30D2F9,0,0
p4_validate_20260723_022942_12599,PLATFORM_EVENT,0x30D2F9,0,0
p4_validate_20260723_022942_12599,PLATFORM_EVENT,0x30D2F9,0,0
p4_validate_20260723_022942_12599,PLATFORM_EVENT,0x30D2F9,0,0
p4_validate_20260723_023127_72008,PLATFORM_EVENT,0x30D301,0,0
p4_validate_20260723_023127_72008,PLATFORM_EVENT,0x30D301,0,0
p4_validate_20260723_023127_72008,PLATFORM_EVENT,0x30D301,0,0
p4_validate_20260723_023127_72008,PLATFORM_EVENT,0x30D301,0,0
p4_validate_20260723_023127_72008,PLATFORM_EVENT,0x30D301,0,0
p4_validate_20260723_023127_72008,PLATFORM_EVENT,0x30D301,0,0
p4_validate_20260723_023127_72008,PLATFORM_EVENT,0x30D301,0,0
p4_validate_20260723_023127_72008,PLATFORM_EVENT,0x30D301,0,0
p4_validate_20260723_023127_72008,PLATFORM_EVENT,0x30D301,0,0
p4_validate_20260723_023127_72008,PLATFORM_EVENT,0x30D301,0,0
p4_validate_20260723_023320_78643,PLATFORM_EVENT,0x30D301,0,0
p4_validate_20260723_023320_78643,PLATFORM_EVENT,0x30D301,0,0
p4_validate_20260723_023320_78643,PLATFORM_EVENT,0x30D301,0,0
p4_validate_20260723_023320_78643,PLATFORM_EVENT,0x30D301,0,0
p4_validate_20260723_023320_78643,PLATFORM_EVENT,0x30D301,0,0
p4_validate_20260723_023320_78643,PLATFORM_EVENT,0x30D301,0,0
p4_validate_20260723_023320_78643,PLATFORM_EVENT,0x30D301,0,0
p4_validate_20260723_023320_78643,PLATFORM_EVENT,0x30D301,0,0
p4_validate_20260723_023320_78643,PLATFORM_EVENT,0x30D301,0,0
p4_validate_20260723_023320_78643,PLATFORM_EVENT,0x30D301,0,0
p4_validate_20260723_023320_78643,PLATFORM_EVENT,0x30D301,0,0
p4_validate_20260723_023320_78643,PLATFORM_EVENT,0x30D301,0,0
p4_validate_20260723_023320_78643,PLATFORM_EVENT,0x30D301,0,0
p4_validate_20260723_023558_96760,PLATFORM_EVENT,0x30D301,0,0
p4_validate_20260723_023558_96760,PLATFORM_EVENT,0x30D301,0,0
p4_validate_20260723_023558_96760,PLATFORM_EVENT,0x30D301,0,0
p4_validate_20260723_023558_96760,PLATFORM_EVENT,0x30D301,0,0
p4_validate_20260723_023558_96760,PLATFORM_EVENT,0x30D301,0,0
p4_validate_20260723_023558_96760,PLATFORM_EVENT,0x30D301,0,0
p4_validate_20260723_023558_96760,PLATFORM_EVENT,0x30D301,0,0
p4_validate_20260723_023558_96760,PLATFORM_EVENT,0x30D301,0,0
p4_validate_20260723_023558_96760,PLATFORM_EVENT,0x30D301,0,0
p4_validate_20260723_023558_96760,PLATFORM_EVENT,0x30D301,0,0
p4_validate_20260723_023558_96760,PLATFORM_EVENT,0x30D301,0,0
p5_transaction_20260723_033052_37039,PLATFORM_EVENT,0x30D301,0,0
p5_transaction_20260723_033052_37039,PLATFORM_EVENT,0x30D301,0,0
p5_transaction_20260723_033052_37039,PLATFORM_EVENT,0x30D301,0,0
p5_transaction_20260723_033052_37039,PLATFORM_EVENT,0x30D301,0,0
p5_validate_20260723_033710_58895,PLATFORM_EVENT,0x30D301,0,0
p5_validate_20260723_033710_58895,PLATFORM_TIMER,0x30630D,0,0
p5_validate_20260723_033710_58895,PLATFORM_TIMER,0x30630D,0,0
p5_validate_20260723_033710_58895,PLATFORM_TIMER,0x30630D,0,0
p5_validate_20260723_033710_58895,PLATFORM_TIMER,0x30630D,0,0
p5_validate_20260723_033710_58895,PLATFORM_TIMER,0x30630D,0,0
p5_validate_20260723_033710_58895,PLATFORM_TIMER,0x30630D,0,0
p5_validate_20260723_033710_58895,PLATFORM_TIMER,0x30630D,0,0
p5_validate_20260723_033710_58895,PLATFORM_TIMER,0x30630D,0,0
p5_validate_20260723_033710_58895,PLATFORM_TIMER,0x30630D,0,0
p5_validate_20260723_033710_58895,PLATFORM_TIMER,0x30630D,0,0
p5_validate_20260723_033710_58895,PLATFORM_TIMER,0x30630D,0,0
p5_validate_20260723_033710_58895,PLATFORM_TIMER,0x30630D,0,0
p5_validate_20260723_033710_58895,PLATFORM_TIMER,0x30630D,0,0
p5_validate_20260723_033710_58895,PLATFORM_TIMER,0x30630D,0,0
p5_validate_20260723_033710_58895,PLATFORM_TIMER,0x30630D,0,0
p5_validate_20260723_033710_58895,PLATFORM_TIMER,0x30630D,0,0
p5_validate_20260723_033710_58895,PLATFORM_TIMER,0x30630D,0,0
p5_validate_20260723_033710_58895,PLATFORM_TIMER,0x30630D,0,0
p5_validate_20260723_033710_58895,PLATFORM_TIMER,0x30630D,0,0
p5_validate_20260723_033710_58895,PLATFORM_TIMER,0x30630D,0,0
p5_validate_20260723_033710_58895,PLATFORM_TIMER,0x30630D,0,0
p5_validate_20260723_033710_58895,PLATFORM_TIMER,0x30630D,0,0
p5_validate_20260723_033710_58895,PLATFORM_TIMER,0x30630D,0,0
p5_validate_20260723_033710_58895,PLATFORM_TIMER,0x30630D,0,0
p5_validate_20260723_033710_58895,PLATFORM_TIMER,0x30630D,0,0
p5_validate_20260723_033710_58895,PLATFORM_TIMER,0x30630D,0,0
p5_validate_20260723_033710_58895,PLATFORM_TIMER,0x30630D,0,0
p5_validate_20260723_033710_58895,PLATFORM_TIMER,0x30630D,0,0
p5_validate_20260723_033710_58895,PLATFORM_TIMER,0x30630D,0,0
p5_validate_20260723_033710_58895,PLATFORM_TIMER,0x30630D,0,0
p5_validate_20260723_033710_58895,PLATFORM_TIMER,0x30630D,0,0
